id,registro_id,usuario_id,tipo,fecha,_source_row,id_original,id_normalizado,id_normalization_rule,id_was_inferred,registro_id_original,registro_id_normalizado,registro_id_normalization_rule,registro_id_was_inferred,usuario_id_original,usuario_id_normalizado,usuario_id_normalization_rule,usuario_id_was_inferred,tipo_original,tipo_normalizado,tipo_normalization_rule,tipo_was_inferred,fecha_original,fecha_normalizado,fecha_normalization_rule,fecha_was_inferred
1,134,18,cotización,2026-02-26,2,1,1,trim_unicode_nfc,False,134,134,trim_unicode_nfc,False,18,18,trim_unicode_nfc,False,cotización,cotización,trim_unicode_casefold,False,2026-02-26,2026-02-26,iso_date,False
2,95,18,reunión,2026-03-06,3,2,2,trim_unicode_nfc,False,95,95,trim_unicode_nfc,False,18,18,trim_unicode_nfc,False,reunión,reunión,trim_unicode_casefold,False,2026-03-06,2026-03-06,iso_date,False
3,131,15,cambio_estado,2026-03-06,4,3,3,trim_unicode_nfc,False,131,131,trim_unicode_nfc,False,15,15,trim_unicode_nfc,False,cambio_estado,cambio_estado,trim_unicode_casefold,False,2026-03-06,2026-03-06,iso_date,False
4,131,15,llamada,2026-03-07,5,4,4,trim_unicode_nfc,False,131,131,trim_unicode_nfc,False,15,15,trim_unicode_nfc,False,llamada,llamada,trim_unicode_casefold,False,2026-03-07,2026-03-07,iso_date,False
5,131,15,cotización,2026-03-10,6,5,5,trim_unicode_nfc,False,131,131,trim_unicode_nfc,False,15,15,trim_unicode_nfc,False,cotización,cotización,trim_unicode_casefold,False,2026-03-10,2026-03-10,iso_date,False
6,102,13,correo,2026-03-12,7,6,6,trim_unicode_nfc,False,102,102,trim_unicode_nfc,False,13,13,trim_unicode_nfc,False,correo,correo,trim_unicode_casefold,False,2026-03-12,2026-03-12,iso_date,False
7,156,13,nota,2026-03-12,8,7,7,trim_unicode_nfc,False,156,156,trim_unicode_nfc,False,13,13,trim_unicode_nfc,False,nota,nota,trim_unicode_casefold,False,2026-03-12,2026-03-12,iso_date,False
8,88,10,reunión,2026-03-14,9,8,8,trim_unicode_nfc,False,88,88,trim_unicode_nfc,False,10,10,trim_unicode_nfc,False,reunión,reunión,trim_unicode_casefold,False,2026-03-14,2026-03-14,iso_date,False
9,132,10,cambio_estado,2026-03-16,10,9,9,trim_unicode_nfc,False,132,132,trim_unicode_nfc,False,10,10,trim_unicode_nfc,False,cambio_estado,cambio_estado,trim_unicode_casefold,False,2026-03-16,2026-03-16,iso_date,False
10,121,13,nota,2026-03-17,11,10,10,trim_unicode_nfc,False,121,121,trim_unicode_nfc,False,13,13,trim_unicode_nfc,False,nota,nota,trim_unicode_casefold,False,2026-03-17,2026-03-17,iso_date,False
11,121,13,correo,2026-03-18,12,11,11,trim_unicode_nfc,False,121,121,trim_unicode_nfc,False,13,13,trim_unicode_nfc,False,correo,correo,trim_unicode_casefold,False,2026-03-18,2026-03-18,iso_date,False
12,132,10,nota,2026-03-18,13,12,12,trim_unicode_nfc,False,132,132,trim_unicode_nfc,False,10,10,trim_unicode_nfc,False,nota,nota,trim_unicode_casefold,False,2026-03-18,2026-03-18,iso_date,False
13,93,4,llamada,2026-03-19,14,13,13,trim_unicode_nfc,False,93,93,trim_unicode_nfc,False,4,4,trim_unicode_nfc,False,llamada,llamada,trim_unicode_casefold,False,2026-03-19,2026-03-19,iso_date,False
14,145,8,whatsapp,2026-03-19,15,14,14,trim_unicode_nfc,False,145,145,trim_unicode_nfc,False,8,8,trim_unicode_nfc,False,whatsapp,whatsapp,trim_unicode_casefold,False,2026-03-19,2026-03-19,iso_date,False
15,152,6,llamada,2026-03-20,16,15,15,trim_unicode_nfc,False,152,152,trim_unicode_nfc,False,6,6,trim_unicode_nfc,False,llamada,llamada,trim_unicode_casefold,False,2026-03-20,2026-03-20,iso_date,False
16,152,6,cotización,2026-03-21,17,16,16,trim_unicode_nfc,False,152,152,trim_unicode_nfc,False,6,6,trim_unicode_nfc,False,cotización,cotización,trim_unicode_casefold,False,2026-03-21,2026-03-21,iso_date,False
17,145,8,llamada,2026-03-23,18,17,17,trim_unicode_nfc,False,145,145,trim_unicode_nfc,False,8,8,trim_unicode_nfc,False,llamada,llamada,trim_unicode_casefold,False,2026-03-23,2026-03-23,iso_date,False
18,155,8,nota,2026-03-23,19,18,18,trim_unicode_nfc,False,155,155,trim_unicode_nfc,False,8,8,trim_unicode_nfc,False,nota,nota,trim_unicode_casefold,False,2026-03-23,2026-03-23,iso_date,False
19,88,10,cambio_estado,2026-03-24,20,19,19,trim_unicode_nfc,False,88,88,trim_unicode_nfc,False,10,10,trim_unicode_nfc,False,cambio_estado,cambio_estado,trim_unicode_casefold,False,2026-03-24,2026-03-24,iso_date,False
20,93,4,cambio_estado,2026-03-26,21,20,20,trim_unicode_nfc,False,93,93,trim_unicode_nfc,False,4,4,trim_unicode_nfc,False,cambio_estado,cambio_estado,trim_unicode_casefold,False,2026-03-26,2026-03-26,iso_date,False
21,145,8,whatsapp,2026-03-28,22,21,21,trim_unicode_nfc,False,145,145,trim_unicode_nfc,False,8,8,trim_unicode_nfc,False,whatsapp,whatsapp,trim_unicode_casefold,False,2026-03-28,2026-03-28,iso_date,False
22,93,4,correo,2026-03-29,23,22,22,trim_unicode_nfc,False,93,93,trim_unicode_nfc,False,4,4,trim_unicode_nfc,False,correo,correo,trim_unicode_casefold,False,2026-03-29,2026-03-29,iso_date,False
23,96,4,correo,2026-03-29,24,23,23,trim_unicode_nfc,False,96,96,trim_unicode_nfc,False,4,4,trim_unicode_nfc,False,correo,correo,trim_unicode_casefold,False,2026-03-29,2026-03-29,iso_date,False
24,124,13,whatsapp,2026-03-29,25,24,24,trim_unicode_nfc,False,124,124,trim_unicode_nfc,False,13,13,trim_unicode_nfc,False,whatsapp,whatsapp,trim_unicode_casefold,False,2026-03-29,2026-03-29,iso_date,False
25,131,15,cotización,2026-03-30,26,25,25,trim_unicode_nfc,False,131,131,trim_unicode_nfc,False,15,15,trim_unicode_nfc,False,cotización,cotización,trim_unicode_casefold,False,2026-03-30,2026-03-30,iso_date,False
26,95,18,correo,2026-03-31,27,26,26,trim_unicode_nfc,False,95,95,trim_unicode_nfc,False,18,18,trim_unicode_nfc,False,correo,correo,trim_unicode_casefold,False,2026-03-31,2026-03-31,iso_date,False
27,156,13,whatsapp,2026-03-31,28,27,27,trim_unicode_nfc,False,156,156,trim_unicode_nfc,False,13,13,trim_unicode_nfc,False,whatsapp,whatsapp,trim_unicode_casefold,False,2026-03-31,2026-03-31,iso_date,False
28,86,3,llamada,2026-04-01,29,28,28,trim_unicode_nfc,False,86,86,trim_unicode_nfc,False,3,3,trim_unicode_nfc,False,llamada,llamada,trim_unicode_casefold,False,2026-04-01,2026-04-01,iso_date,False
29,128,18,llamada,2026-04-01,30,29,29,trim_unicode_nfc,False,128,128,trim_unicode_nfc,False,18,18,trim_unicode_nfc,False,llamada,llamada,trim_unicode_casefold,False,2026-04-01,2026-04-01,iso_date,False
30,86,3,llamada,2026-04-03,31,30,30,trim_unicode_nfc,False,86,86,trim_unicode_nfc,False,3,3,trim_unicode_nfc,False,llamada,llamada,trim_unicode_casefold,False,2026-04-03,2026-04-03,iso_date,False
31,152,6,whatsapp,2026-04-03,32,31,31,trim_unicode_nfc,False,152,152,trim_unicode_nfc,False,6,6,trim_unicode_nfc,False,whatsapp,whatsapp,trim_unicode_casefold,False,2026-04-03,2026-04-03,iso_date,False
32,123,17,cambio_estado,2026-04-06,33,32,32,trim_unicode_nfc,False,123,123,trim_unicode_nfc,False,17,17,trim_unicode_nfc,False,cambio_estado,cambio_estado,trim_unicode_casefold,False,2026-04-06,2026-04-06,iso_date,False
33,152,6,correo,2026-04-06,34,33,33,trim_unicode_nfc,False,152,152,trim_unicode_nfc,False,6,6,trim_unicode_nfc,False,correo,correo,trim_unicode_casefold,False,2026-04-06,2026-04-06,iso_date,False
34,88,10,llamada,2026-04-07,35,34,34,trim_unicode_nfc,False,88,88,trim_unicode_nfc,False,10,10,trim_unicode_nfc,False,llamada,llamada,trim_unicode_casefold,False,2026-04-07,2026-04-07,iso_date,False
35,155,8,llamada,2026-04-07,36,35,35,trim_unicode_nfc,False,155,155,trim_unicode_nfc,False,8,8,trim_unicode_nfc,False,llamada,llamada,trim_unicode_casefold,False,2026-04-07,2026-04-07,iso_date,False
36,145,8,whatsapp,2026-04-08,37,36,36,trim_unicode_nfc,False,145,145,trim_unicode_nfc,False,8,8,trim_unicode_nfc,False,whatsapp,whatsapp,trim_unicode_casefold,False,2026-04-08,2026-04-08,iso_date,False
37,88,10,correo,2026-04-09,38,37,37,trim_unicode_nfc,False,88,88,trim_unicode_nfc,False,10,10,trim_unicode_nfc,False,correo,correo,trim_unicode_casefold,False,2026-04-09,2026-04-09,iso_date,False
38,124,13,reunión,2026-04-09,39,38,38,trim_unicode_nfc,False,124,124,trim_unicode_nfc,False,13,13,trim_unicode_nfc,False,reunión,reunión,trim_unicode_casefold,False,2026-04-09,2026-04-09,iso_date,False
39,145,8,whatsapp,2026-04-09,40,39,39,trim_unicode_nfc,False,145,145,trim_unicode_nfc,False,8,8,trim_unicode_nfc,False,whatsapp,whatsapp,trim_unicode_casefold,False,2026-04-09,2026-04-09,iso_date,False
40,123,17,correo,2026-04-14,41,40,40,trim_unicode_nfc,False,123,123,trim_unicode_nfc,False,17,17,trim_unicode_nfc,False,correo,correo,trim_unicode_casefold,False,2026-04-14,2026-04-14,iso_date,False
41,135,13,cotización,2026-04-15,42,41,41,trim_unicode_nfc,False,135,135,trim_unicode_nfc,False,13,13,trim_unicode_nfc,False,cotización,cotización,trim_unicode_casefold,False,2026-04-15,2026-04-15,iso_date,False
42,109,10,llamada,2026-04-16,43,42,42,trim_unicode_nfc,False,109,109,trim_unicode_nfc,False,10,10,trim_unicode_nfc,False,llamada,llamada,trim_unicode_casefold,False,2026-04-16,2026-04-16,iso_date,False
43,109,10,nota,2026-04-16,44,43,43,trim_unicode_nfc,False,109,109,trim_unicode_nfc,False,10,10,trim_unicode_nfc,False,nota,nota,trim_unicode_casefold,False,2026-04-16,2026-04-16,iso_date,False
44,126,15,llamada,2026-04-17,45,44,44,trim_unicode_nfc,False,126,126,trim_unicode_nfc,False,15,15,trim_unicode_nfc,False,llamada,llamada,trim_unicode_casefold,False,2026-04-17,2026-04-17,iso_date,False
45,83,14,nota,2026-04-19,46,45,45,trim_unicode_nfc,False,83,83,trim_unicode_nfc,False,14,14,trim_unicode_nfc,False,nota,nota,trim_unicode_casefold,False,2026-04-19,2026-04-19,iso_date,False
46,120,16,whatsapp,2026-04-19,47,46,46,trim_unicode_nfc,False,120,120,trim_unicode_nfc,False,16,16,trim_unicode_nfc,False,whatsapp,whatsapp,trim_unicode_casefold,False,2026-04-19,2026-04-19,iso_date,False
47,84,17,cambio_estado,2026-04-21,48,47,47,trim_unicode_nfc,False,84,84,trim_unicode_nfc,False,17,17,trim_unicode_nfc,False,cambio_estado,cambio_estado,trim_unicode_casefold,False,2026-04-21,2026-04-21,iso_date,False
48,84,17,reunión,2026-04-22,49,48,48,trim_unicode_nfc,False,84,84,trim_unicode_nfc,False,17,17,trim_unicode_nfc,False,reunión,reunión,trim_unicode_casefold,False,2026-04-22,2026-04-22,iso_date,False
49,86,3,reunión,2026-04-22,50,49,49,trim_unicode_nfc,False,86,86,trim_unicode_nfc,False,3,3,trim_unicode_nfc,False,reunión,reunión,trim_unicode_casefold,False,2026-04-22,2026-04-22,iso_date,False
50,86,3,nota,2026-04-22,51,50,50,trim_unicode_nfc,False,86,86,trim_unicode_nfc,False,3,3,trim_unicode_nfc,False,nota,nota,trim_unicode_casefold,False,2026-04-22,2026-04-22,iso_date,False
51,91,14,reunión,2026-04-22,52,51,51,trim_unicode_nfc,False,91,91,trim_unicode_nfc,False,14,14,trim_unicode_nfc,False,reunión,reunión,trim_unicode_casefold,False,2026-04-22,2026-04-22,iso_date,False
52,123,17,correo,2026-04-22,53,52,52,trim_unicode_nfc,False,123,123,trim_unicode_nfc,False,17,17,trim_unicode_nfc,False,correo,correo,trim_unicode_casefold,False,2026-04-22,2026-04-22,iso_date,False
53,123,17,nota,2026-04-24,54,53,53,trim_unicode_nfc,False,123,123,trim_unicode_nfc,False,17,17,trim_unicode_nfc,False,nota,nota,trim_unicode_casefold,False,2026-04-24,2026-04-24,iso_date,False
54,164,4,llamada,2026-04-24,55,54,54,trim_unicode_nfc,False,164,164,trim_unicode_nfc,False,4,4,trim_unicode_nfc,False,llamada,llamada,trim_unicode_casefold,False,2026-04-24,2026-04-24,iso_date,False
55,109,10,correo,2026-04-26,56,55,55,trim_unicode_nfc,False,109,109,trim_unicode_nfc,False,10,10,trim_unicode_nfc,False,correo,correo,trim_unicode_casefold,False,2026-04-26,2026-04-26,iso_date,False
56,83,14,correo,2026-04-27,57,56,56,trim_unicode_nfc,False,83,83,trim_unicode_nfc,False,14,14,trim_unicode_nfc,False,correo,correo,trim_unicode_casefold,False,2026-04-27,2026-04-27,iso_date,False
57,114,3,whatsapp,2026-04-28,58,57,57,trim_unicode_nfc,False,114,114,trim_unicode_nfc,False,3,3,trim_unicode_nfc,False,whatsapp,whatsapp,trim_unicode_casefold,False,2026-04-28,2026-04-28,iso_date,False
58,123,17,llamada,2026-04-28,59,58,58,trim_unicode_nfc,False,123,123,trim_unicode_nfc,False,17,17,trim_unicode_nfc,False,llamada,llamada,trim_unicode_casefold,False,2026-04-28,2026-04-28,iso_date,False
59,81,13,llamada,2026-05-01,60,59,59,trim_unicode_nfc,False,81,81,trim_unicode_nfc,False,13,13,trim_unicode_nfc,False,llamada,llamada,trim_unicode_casefold,False,2026-05-01,2026-05-01,iso_date,False
60,106,10,llamada,2026-05-01,61,60,60,trim_unicode_nfc,False,106,106,trim_unicode_nfc,False,10,10,trim_unicode_nfc,False,llamada,llamada,trim_unicode_casefold,False,2026-05-01,2026-05-01,iso_date,False
61,114,3,correo,2026-05-01,62,61,61,trim_unicode_nfc,False,114,114,trim_unicode_nfc,False,3,3,trim_unicode_nfc,False,correo,correo,trim_unicode_casefold,False,2026-05-01,2026-05-01,iso_date,False
62,122,3,llamada,2026-05-01,63,62,62,trim_unicode_nfc,False,122,122,trim_unicode_nfc,False,3,3,trim_unicode_nfc,False,llamada,llamada,trim_unicode_casefold,False,2026-05-01,2026-05-01,iso_date,False
63,147,16,llamada,2026-05-01,64,63,63,trim_unicode_nfc,False,147,147,trim_unicode_nfc,False,16,16,trim_unicode_nfc,False,llamada,llamada,trim_unicode_casefold,False,2026-05-01,2026-05-01,iso_date,False
64,112,18,nota,2026-05-02,65,64,64,trim_unicode_nfc,False,112,112,trim_unicode_nfc,False,18,18,trim_unicode_nfc,False,nota,nota,trim_unicode_casefold,False,2026-05-02,2026-05-02,iso_date,False
65,144,18,llamada,2026-05-02,66,65,65,trim_unicode_nfc,False,144,144,trim_unicode_nfc,False,18,18,trim_unicode_nfc,False,llamada,llamada,trim_unicode_casefold,False,2026-05-02,2026-05-02,iso_date,False
66,144,18,nota,2026-05-02,67,66,66,trim_unicode_nfc,False,144,144,trim_unicode_nfc,False,18,18,trim_unicode_nfc,False,nota,nota,trim_unicode_casefold,False,2026-05-02,2026-05-02,iso_date,False
67,106,10,nota,2026-05-03,68,67,67,trim_unicode_nfc,False,106,106,trim_unicode_nfc,False,10,10,trim_unicode_nfc,False,nota,nota,trim_unicode_casefold,False,2026-05-03,2026-05-03,iso_date,False
68,122,3,nota,2026-05-03,69,68,68,trim_unicode_nfc,False,122,122,trim_unicode_nfc,False,3,3,trim_unicode_nfc,False,nota,nota,trim_unicode_casefold,False,2026-05-03,2026-05-03,iso_date,False
69,77,3,cambio_estado,2026-05-04,70,69,69,trim_unicode_nfc,False,77,77,trim_unicode_nfc,False,3,3,trim_unicode_nfc,False,cambio_estado,cambio_estado,trim_unicode_casefold,False,2026-05-04,2026-05-04,iso_date,False
70,83,14,cambio_estado,2026-05-05,71,70,70,trim_unicode_nfc,False,83,83,trim_unicode_nfc,False,14,14,trim_unicode_nfc,False,cambio_estado,cambio_estado,trim_unicode_casefold,False,2026-05-05,2026-05-05,iso_date,False
71,91,14,correo,2026-05-05,72,71,71,trim_unicode_nfc,False,91,91,trim_unicode_nfc,False,14,14,trim_unicode_nfc,False,correo,correo,trim_unicode_casefold,False,2026-05-05,2026-05-05,iso_date,False
72,112,18,whatsapp,2026-05-06,73,72,72,trim_unicode_nfc,False,112,112,trim_unicode_nfc,False,18,18,trim_unicode_nfc,False,whatsapp,whatsapp,trim_unicode_casefold,False,2026-05-06,2026-05-06,iso_date,False
73,109,10,whatsapp,2026-05-08,74,73,73,trim_unicode_nfc,False,109,109,trim_unicode_nfc,False,10,10,trim_unicode_nfc,False,whatsapp,whatsapp,trim_unicode_casefold,False,2026-05-08,2026-05-08,iso_date,False
74,122,3,whatsapp,2026-05-08,75,74,74,trim_unicode_nfc,False,122,122,trim_unicode_nfc,False,3,3,trim_unicode_nfc,False,whatsapp,whatsapp,trim_unicode_casefold,False,2026-05-08,2026-05-08,iso_date,False
75,144,18,cambio_estado,2026-05-08,76,75,75,trim_unicode_nfc,False,144,144,trim_unicode_nfc,False,18,18,trim_unicode_nfc,False,cambio_estado,cambio_estado,trim_unicode_casefold,False,2026-05-08,2026-05-08,iso_date,False
76,146,8,correo,2026-05-08,77,76,76,trim_unicode_nfc,False,146,146,trim_unicode_nfc,False,8,8,trim_unicode_nfc,False,correo,correo,trim_unicode_casefold,False,2026-05-08,2026-05-08,iso_date,False
77,81,13,correo,2026-05-09,78,77,77,trim_unicode_nfc,False,81,81,trim_unicode_nfc,False,13,13,trim_unicode_nfc,False,correo,correo,trim_unicode_casefold,False,2026-05-09,2026-05-09,iso_date,False
78,91,14,cambio_estado,2026-05-10,79,78,78,trim_unicode_nfc,False,91,91,trim_unicode_nfc,False,14,14,trim_unicode_nfc,False,cambio_estado,cambio_estado,trim_unicode_casefold,False,2026-05-10,2026-05-10,iso_date,False
79,81,13,llamada,2026-05-11,80,79,79,trim_unicode_nfc,False,81,81,trim_unicode_nfc,False,13,13,trim_unicode_nfc,False,llamada,llamada,trim_unicode_casefold,False,2026-05-11,2026-05-11,iso_date,False
80,89,14,cambio_estado,2026-05-12,81,80,80,trim_unicode_nfc,False,89,89,trim_unicode_nfc,False,14,14,trim_unicode_nfc,False,cambio_estado,cambio_estado,trim_unicode_casefold,False,2026-05-12,2026-05-12,iso_date,False
81,89,14,llamada,2026-05-12,82,81,81,trim_unicode_nfc,False,89,89,trim_unicode_nfc,False,14,14,trim_unicode_nfc,False,llamada,llamada,trim_unicode_casefold,False,2026-05-12,2026-05-12,iso_date,False
82,114,3,llamada,2026-05-12,83,82,82,trim_unicode_nfc,False,114,114,trim_unicode_nfc,False,3,3,trim_unicode_nfc,False,llamada,llamada,trim_unicode_casefold,False,2026-05-12,2026-05-12,iso_date,False
83,106,10,cambio_estado,2026-05-13,84,83,83,trim_unicode_nfc,False,106,106,trim_unicode_nfc,False,10,10,trim_unicode_nfc,False,cambio_estado,cambio_estado,trim_unicode_casefold,False,2026-05-13,2026-05-13,iso_date,False
84,142,18,whatsapp,2026-05-13,85,84,84,trim_unicode_nfc,False,142,142,trim_unicode_nfc,False,18,18,trim_unicode_nfc,False,whatsapp,whatsapp,trim_unicode_casefold,False,2026-05-13,2026-05-13,iso_date,False
85,142,18,reunión,2026-05-13,86,85,85,trim_unicode_nfc,False,142,142,trim_unicode_nfc,False,18,18,trim_unicode_nfc,False,reunión,reunión,trim_unicode_casefold,False,2026-05-13,2026-05-13,iso_date,False
86,146,8,correo,2026-05-13,87,86,86,trim_unicode_nfc,False,146,146,trim_unicode_nfc,False,8,8,trim_unicode_nfc,False,correo,correo,trim_unicode_casefold,False,2026-05-13,2026-05-13,iso_date,False
87,160,13,nota,2026-05-13,88,87,87,trim_unicode_nfc,False,160,160,trim_unicode_nfc,False,13,13,trim_unicode_nfc,False,nota,nota,trim_unicode_casefold,False,2026-05-13,2026-05-13,iso_date,False
88,164,4,llamada,2026-05-15,89,88,88,trim_unicode_nfc,False,164,164,trim_unicode_nfc,False,4,4,trim_unicode_nfc,False,llamada,llamada,trim_unicode_casefold,False,2026-05-15,2026-05-15,iso_date,False
89,75,18,llamada,2026-05-16,90,89,89,trim_unicode_nfc,False,75,75,trim_unicode_nfc,False,18,18,trim_unicode_nfc,False,llamada,llamada,trim_unicode_casefold,False,2026-05-16,2026-05-16,iso_date,False
90,83,14,reunión,2026-05-16,91,90,90,trim_unicode_nfc,False,83,83,trim_unicode_nfc,False,14,14,trim_unicode_nfc,False,reunión,reunión,trim_unicode_casefold,False,2026-05-16,2026-05-16,iso_date,False
91,94,4,correo,2026-05-16,92,91,91,trim_unicode_nfc,False,94,94,trim_unicode_nfc,False,4,4,trim_unicode_nfc,False,correo,correo,trim_unicode_casefold,False,2026-05-16,2026-05-16,iso_date,False
92,143,10,llamada,2026-05-16,93,92,92,trim_unicode_nfc,False,143,143,trim_unicode_nfc,False,10,10,trim_unicode_nfc,False,llamada,llamada,trim_unicode_casefold,False,2026-05-16,2026-05-16,iso_date,False
93,81,13,whatsapp,2026-05-18,94,93,93,trim_unicode_nfc,False,81,81,trim_unicode_nfc,False,13,13,trim_unicode_nfc,False,whatsapp,whatsapp,trim_unicode_casefold,False,2026-05-18,2026-05-18,iso_date,False
94,91,14,cambio_estado,2026-05-18,95,94,94,trim_unicode_nfc,False,91,91,trim_unicode_nfc,False,14,14,trim_unicode_nfc,False,cambio_estado,cambio_estado,trim_unicode_casefold,False,2026-05-18,2026-05-18,iso_date,False
95,75,18,cambio_estado,2026-05-20,96,95,95,trim_unicode_nfc,False,75,75,trim_unicode_nfc,False,18,18,trim_unicode_nfc,False,cambio_estado,cambio_estado,trim_unicode_casefold,False,2026-05-20,2026-05-20,iso_date,False
96,114,3,whatsapp,2026-05-21,97,96,96,trim_unicode_nfc,False,114,114,trim_unicode_nfc,False,3,3,trim_unicode_nfc,False,whatsapp,whatsapp,trim_unicode_casefold,False,2026-05-21,2026-05-21,iso_date,False
97,146,8,whatsapp,2026-05-21,98,97,97,trim_unicode_nfc,False,146,146,trim_unicode_nfc,False,8,8,trim_unicode_nfc,False,whatsapp,whatsapp,trim_unicode_casefold,False,2026-05-21,2026-05-21,iso_date,False
98,75,18,correo,2026-05-22,99,98,98,trim_unicode_nfc,False,75,75,trim_unicode_nfc,False,18,18,trim_unicode_nfc,False,correo,correo,trim_unicode_casefold,False,2026-05-22,2026-05-22,iso_date,False
99,83,14,nota,2026-05-22,100,99,99,trim_unicode_nfc,False,83,83,trim_unicode_nfc,False,14,14,trim_unicode_nfc,False,nota,nota,trim_unicode_casefold,False,2026-05-22,2026-05-22,iso_date,False
100,142,18,cambio_estado,2026-05-25,101,100,100,trim_unicode_nfc,False,142,142,trim_unicode_nfc,False,18,18,trim_unicode_nfc,False,cambio_estado,cambio_estado,trim_unicode_casefold,False,2026-05-25,2026-05-25,iso_date,False
101,130,8,llamada,2026-05-27,102,101,101,trim_unicode_nfc,False,130,130,trim_unicode_nfc,False,8,8,trim_unicode_nfc,False,llamada,llamada,trim_unicode_casefold,False,2026-05-27,2026-05-27,iso_date,False
102,130,8,cambio_estado,2026-05-27,103,102,102,trim_unicode_nfc,False,130,130,trim_unicode_nfc,False,8,8,trim_unicode_nfc,False,cambio_estado,cambio_estado,trim_unicode_casefold,False,2026-05-27,2026-05-27,iso_date,False
103,80,14,nota,2026-05-28,104,103,103,trim_unicode_nfc,False,80,80,trim_unicode_nfc,False,14,14,trim_unicode_nfc,False,nota,nota,trim_unicode_casefold,False,2026-05-28,2026-05-28,iso_date,False
104,151,8,whatsapp,2026-05-29,105,104,104,trim_unicode_nfc,False,151,151,trim_unicode_nfc,False,8,8,trim_unicode_nfc,False,whatsapp,whatsapp,trim_unicode_casefold,False,2026-05-29,2026-05-29,iso_date,False
105,163,4,llamada,2026-05-29,106,105,105,trim_unicode_nfc,False,163,163,trim_unicode_nfc,False,4,4,trim_unicode_nfc,False,llamada,llamada,trim_unicode_casefold,False,2026-05-29,2026-05-29,iso_date,False
106,85,15,correo,2026-05-30,107,106,106,trim_unicode_nfc,False,85,85,trim_unicode_nfc,False,15,15,trim_unicode_nfc,False,correo,correo,trim_unicode_casefold,False,2026-05-30,2026-05-30,iso_date,False
107,80,14,cotización,2026-06-01,108,107,107,trim_unicode_nfc,False,80,80,trim_unicode_nfc,False,14,14,trim_unicode_nfc,False,cotización,cotización,trim_unicode_casefold,False,2026-06-01,2026-06-01,iso_date,False
108,85,15,reunión,2026-06-03,109,108,108,trim_unicode_nfc,False,85,85,trim_unicode_nfc,False,15,15,trim_unicode_nfc,False,reunión,reunión,trim_unicode_casefold,False,2026-06-03,2026-06-03,iso_date,False
109,110,18,whatsapp,2026-06-03,110,109,109,trim_unicode_nfc,False,110,110,trim_unicode_nfc,False,18,18,trim_unicode_nfc,False,whatsapp,whatsapp,trim_unicode_casefold,False,2026-06-03,2026-06-03,iso_date,False
110,99,17,llamada,2026-06-04,111,110,110,trim_unicode_nfc,False,99,99,trim_unicode_nfc,False,17,17,trim_unicode_nfc,False,llamada,llamada,trim_unicode_casefold,False,2026-06-04,2026-06-04,iso_date,False
111,110,18,nota,2026-06-04,112,111,111,trim_unicode_nfc,False,110,110,trim_unicode_nfc,False,18,18,trim_unicode_nfc,False,nota,nota,trim_unicode_casefold,False,2026-06-04,2026-06-04,iso_date,False
112,72,18,llamada,2026-06-05,113,112,112,trim_unicode_nfc,False,72,72,trim_unicode_nfc,False,18,18,trim_unicode_nfc,False,llamada,llamada,trim_unicode_casefold,False,2026-06-05,2026-06-05,iso_date,False
113,99,17,whatsapp,2026-06-05,114,113,113,trim_unicode_nfc,False,99,99,trim_unicode_nfc,False,17,17,trim_unicode_nfc,False,whatsapp,whatsapp,trim_unicode_casefold,False,2026-06-05,2026-06-05,iso_date,False
114,80,14,llamada,2026-06-06,115,114,114,trim_unicode_nfc,False,80,80,trim_unicode_nfc,False,14,14,trim_unicode_nfc,False,llamada,llamada,trim_unicode_casefold,False,2026-06-06,2026-06-06,iso_date,False
115,99,17,correo,2026-06-06,116,115,115,trim_unicode_nfc,False,99,99,trim_unicode_nfc,False,17,17,trim_unicode_nfc,False,correo,correo,trim_unicode_casefold,False,2026-06-06,2026-06-06,iso_date,False
116,110,18,cambio_estado,2026-06-06,117,116,116,trim_unicode_nfc,False,110,110,trim_unicode_nfc,False,18,18,trim_unicode_nfc,False,cambio_estado,cambio_estado,trim_unicode_casefold,False,2026-06-06,2026-06-06,iso_date,False
117,163,4,cotización,2026-06-06,118,117,117,trim_unicode_nfc,False,163,163,trim_unicode_nfc,False,4,4,trim_unicode_nfc,False,cotización,cotización,trim_unicode_casefold,False,2026-06-06,2026-06-06,iso_date,False
118,80,14,cambio_estado,2026-06-07,119,118,118,trim_unicode_nfc,False,80,80,trim_unicode_nfc,False,14,14,trim_unicode_nfc,False,cambio_estado,cambio_estado,trim_unicode_casefold,False,2026-06-07,2026-06-07,iso_date,False
119,75,18,cambio_estado,2026-06-08,120,119,119,trim_unicode_nfc,False,75,75,trim_unicode_nfc,False,18,18,trim_unicode_nfc,False,cambio_estado,cambio_estado,trim_unicode_casefold,False,2026-06-08,2026-06-08,iso_date,False
120,163,4,llamada,2026-06-08,121,120,120,trim_unicode_nfc,False,163,163,trim_unicode_nfc,False,4,4,trim_unicode_nfc,False,llamada,llamada,trim_unicode_casefold,False,2026-06-08,2026-06-08,iso_date,False
121,75,18,llamada,2026-06-09,122,121,121,trim_unicode_nfc,False,75,75,trim_unicode_nfc,False,18,18,trim_unicode_nfc,False,llamada,llamada,trim_unicode_casefold,False,2026-06-09,2026-06-09,iso_date,False
122,146,8,correo,2026-06-09,123,122,122,trim_unicode_nfc,False,146,146,trim_unicode_nfc,False,8,8,trim_unicode_nfc,False,correo,correo,trim_unicode_casefold,False,2026-06-09,2026-06-09,iso_date,False
123,80,14,correo,2026-06-11,124,123,123,trim_unicode_nfc,False,80,80,trim_unicode_nfc,False,14,14,trim_unicode_nfc,False,correo,correo,trim_unicode_casefold,False,2026-06-11,2026-06-11,iso_date,False
124,111,8,nota,2026-06-12,125,124,124,trim_unicode_nfc,False,111,111,trim_unicode_nfc,False,8,8,trim_unicode_nfc,False,nota,nota,trim_unicode_casefold,False,2026-06-12,2026-06-12,iso_date,False
125,130,8,reunión,2026-06-12,126,125,125,trim_unicode_nfc,False,130,130,trim_unicode_nfc,False,8,8,trim_unicode_nfc,False,reunión,reunión,trim_unicode_casefold,False,2026-06-12,2026-06-12,iso_date,False
126,89,14,nota,2026-06-13,127,126,126,trim_unicode_nfc,False,89,89,trim_unicode_nfc,False,14,14,trim_unicode_nfc,False,nota,nota,trim_unicode_casefold,False,2026-06-13,2026-06-13,iso_date,False
127,139,15,correo,2026-06-14,128,127,127,trim_unicode_nfc,False,139,139,trim_unicode_nfc,False,15,15,trim_unicode_nfc,False,correo,correo,trim_unicode_casefold,False,2026-06-14,2026-06-14,iso_date,False
128,149,4,nota,2026-06-16,129,128,128,trim_unicode_nfc,False,149,149,trim_unicode_nfc,False,4,4,trim_unicode_nfc,False,nota,nota,trim_unicode_casefold,False,2026-06-16,2026-06-16,iso_date,False
129,85,15,llamada,2026-06-18,130,129,129,trim_unicode_nfc,False,85,85,trim_unicode_nfc,False,15,15,trim_unicode_nfc,False,llamada,llamada,trim_unicode_casefold,False,2026-06-18,2026-06-18,iso_date,False
130,105,11,cambio_estado,2026-06-19,131,130,130,trim_unicode_nfc,False,105,105,trim_unicode_nfc,False,11,11,trim_unicode_nfc,False,cambio_estado,cambio_estado,trim_unicode_casefold,False,2026-06-19,2026-06-19,iso_date,False
131,125,14,llamada,2026-06-19,132,131,131,trim_unicode_nfc,False,125,125,trim_unicode_nfc,False,14,14,trim_unicode_nfc,False,llamada,llamada,trim_unicode_casefold,False,2026-06-19,2026-06-19,iso_date,False
132,163,4,cambio_estado,2026-06-19,133,132,132,trim_unicode_nfc,False,163,163,trim_unicode_nfc,False,4,4,trim_unicode_nfc,False,cambio_estado,cambio_estado,trim_unicode_casefold,False,2026-06-19,2026-06-19,iso_date,False
133,163,4,whatsapp,2026-06-19,134,133,133,trim_unicode_nfc,False,163,163,trim_unicode_nfc,False,4,4,trim_unicode_nfc,False,whatsapp,whatsapp,trim_unicode_casefold,False,2026-06-19,2026-06-19,iso_date,False
134,72,18,cambio_estado,2026-06-20,135,134,134,trim_unicode_nfc,False,72,72,trim_unicode_nfc,False,18,18,trim_unicode_nfc,False,cambio_estado,cambio_estado,trim_unicode_casefold,False,2026-06-20,2026-06-20,iso_date,False
135,150,8,llamada,2026-06-21,136,135,135,trim_unicode_nfc,False,150,150,trim_unicode_nfc,False,8,8,trim_unicode_nfc,False,llamada,llamada,trim_unicode_casefold,False,2026-06-21,2026-06-21,iso_date,False
136,71,10,cotización,2026-06-22,137,136,136,trim_unicode_nfc,False,71,71,trim_unicode_nfc,False,10,10,trim_unicode_nfc,False,cotización,cotización,trim_unicode_casefold,False,2026-06-22,2026-06-22,iso_date,False
137,116,4,correo,2026-06-23,138,137,137,trim_unicode_nfc,False,116,116,trim_unicode_nfc,False,4,4,trim_unicode_nfc,False,correo,correo,trim_unicode_casefold,False,2026-06-23,2026-06-23,iso_date,False
138,125,14,cotización,2026-06-23,139,138,138,trim_unicode_nfc,False,125,125,trim_unicode_nfc,False,14,14,trim_unicode_nfc,False,cotización,cotización,trim_unicode_casefold,False,2026-06-23,2026-06-23,iso_date,False
139,99,17,correo,2026-06-24,140,139,139,trim_unicode_nfc,False,99,99,trim_unicode_nfc,False,17,17,trim_unicode_nfc,False,correo,correo,trim_unicode_casefold,False,2026-06-24,2026-06-24,iso_date,False
140,74,17,llamada,2026-06-25,141,140,140,trim_unicode_nfc,False,74,74,trim_unicode_nfc,False,17,17,trim_unicode_nfc,False,llamada,llamada,trim_unicode_casefold,False,2026-06-25,2026-06-25,iso_date,False
141,76,18,reunión,2026-06-25,142,141,141,trim_unicode_nfc,False,76,76,trim_unicode_nfc,False,18,18,trim_unicode_nfc,False,reunión,reunión,trim_unicode_casefold,False,2026-06-25,2026-06-25,iso_date,False
142,85,15,correo,2026-06-25,143,142,142,trim_unicode_nfc,False,85,85,trim_unicode_nfc,False,15,15,trim_unicode_nfc,False,correo,correo,trim_unicode_casefold,False,2026-06-25,2026-06-25,iso_date,False
143,104,14,cotización,2026-06-25,144,143,143,trim_unicode_nfc,False,104,104,trim_unicode_nfc,False,14,14,trim_unicode_nfc,False,cotización,cotización,trim_unicode_casefold,False,2026-06-25,2026-06-25,iso_date,False
144,76,18,cotización,2026-06-27,145,144,144,trim_unicode_nfc,False,76,76,trim_unicode_nfc,False,18,18,trim_unicode_nfc,False,cotización,cotización,trim_unicode_casefold,False,2026-06-27,2026-06-27,iso_date,False
145,76,18,llamada,2026-06-28,146,145,145,trim_unicode_nfc,False,76,76,trim_unicode_nfc,False,18,18,trim_unicode_nfc,False,llamada,llamada,trim_unicode_casefold,False,2026-06-28,2026-06-28,iso_date,False
146,110,18,whatsapp,2026-06-29,147,146,146,trim_unicode_nfc,False,110,110,trim_unicode_nfc,False,18,18,trim_unicode_nfc,False,whatsapp,whatsapp,trim_unicode_casefold,False,2026-06-29,2026-06-29,iso_date,False
147,117,8,cotización,2026-07-02,148,147,147,trim_unicode_nfc,False,117,117,trim_unicode_nfc,False,8,8,trim_unicode_nfc,False,cotización,cotización,trim_unicode_casefold,False,2026-07-02,2026-07-02,iso_date,False
148,100,14,reunión,2026-07-04,149,148,148,trim_unicode_nfc,False,100,100,trim_unicode_nfc,False,14,14,trim_unicode_nfc,False,reunión,reunión,trim_unicode_casefold,False,2026-07-04,2026-07-04,iso_date,False
149,116,4,nota,2026-07-04,150,149,149,trim_unicode_nfc,False,116,116,trim_unicode_nfc,False,4,4,trim_unicode_nfc,False,nota,nota,trim_unicode_casefold,False,2026-07-04,2026-07-04,iso_date,False
150,139,15,correo,2026-07-04,151,150,150,trim_unicode_nfc,False,139,139,trim_unicode_nfc,False,15,15,trim_unicode_nfc,False,correo,correo,trim_unicode_casefold,False,2026-07-04,2026-07-04,iso_date,False
151,117,8,correo,2026-07-05,152,151,151,trim_unicode_nfc,False,117,117,trim_unicode_nfc,False,8,8,trim_unicode_nfc,False,correo,correo,trim_unicode_casefold,False,2026-07-05,2026-07-05,iso_date,False
152,125,14,cambio_estado,2026-07-05,153,152,152,trim_unicode_nfc,False,125,125,trim_unicode_nfc,False,14,14,trim_unicode_nfc,False,cambio_estado,cambio_estado,trim_unicode_casefold,False,2026-07-05,2026-07-05,iso_date,False
153,71,10,correo,2026-07-08,154,153,153,trim_unicode_nfc,False,71,71,trim_unicode_nfc,False,10,10,trim_unicode_nfc,False,correo,correo,trim_unicode_casefold,False,2026-07-08,2026-07-08,iso_date,False
154,74,17,correo,2026-07-08,155,154,154,trim_unicode_nfc,False,74,74,trim_unicode_nfc,False,17,17,trim_unicode_nfc,False,correo,correo,trim_unicode_casefold,False,2026-07-08,2026-07-08,iso_date,False
155,78,15,cotización,2026-07-11,156,155,155,trim_unicode_nfc,False,78,78,trim_unicode_nfc,False,15,15,trim_unicode_nfc,False,cotización,cotización,trim_unicode_casefold,False,2026-07-11,2026-07-11,iso_date,False
156,98,8,whatsapp,2026-07-11,157,156,156,trim_unicode_nfc,False,98,98,trim_unicode_nfc,False,8,8,trim_unicode_nfc,False,whatsapp,whatsapp,trim_unicode_casefold,False,2026-07-11,2026-07-11,iso_date,False
157,117,8,reunión,2026-07-11,158,157,157,trim_unicode_nfc,False,117,117,trim_unicode_nfc,False,8,8,trim_unicode_nfc,False,reunión,reunión,trim_unicode_casefold,False,2026-07-11,2026-07-11,iso_date,False
158,162,14,correo,2026-07-12,159,158,158,trim_unicode_nfc,False,162,162,trim_unicode_nfc,False,14,14,trim_unicode_nfc,False,correo,correo,trim_unicode_casefold,False,2026-07-12,2026-07-12,iso_date,False
159,70,8,whatsapp,2026-07-14,160,159,159,trim_unicode_nfc,False,70,70,trim_unicode_nfc,False,8,8,trim_unicode_nfc,False,whatsapp,whatsapp,trim_unicode_casefold,False,2026-07-14,2026-07-14,iso_date,False
160,74,17,llamada,2026-07-15,161,160,160,trim_unicode_nfc,False,74,74,trim_unicode_nfc,False,17,17,trim_unicode_nfc,False,llamada,llamada,trim_unicode_casefold,False,2026-07-15,2026-07-15,iso_date,False
161,90,13,cotización,2026-07-15,162,161,161,trim_unicode_nfc,False,90,90,trim_unicode_nfc,False,13,13,trim_unicode_nfc,False,cotización,cotización,trim_unicode_casefold,False,2026-07-15,2026-07-15,iso_date,False
162,70,8,nota,2026-07-16,163,162,162,trim_unicode_nfc,False,70,70,trim_unicode_nfc,False,8,8,trim_unicode_nfc,False,nota,nota,trim_unicode_casefold,False,2026-07-16,2026-07-16,iso_date,False
163,79,4,correo,2026-07-17,164,163,163,trim_unicode_nfc,False,79,79,trim_unicode_nfc,False,4,4,trim_unicode_nfc,False,correo,correo,trim_unicode_casefold,False,2026-07-17,2026-07-17,iso_date,False
164,100,14,nota,2026-07-17,165,164,164,trim_unicode_nfc,False,100,100,trim_unicode_nfc,False,14,14,trim_unicode_nfc,False,nota,nota,trim_unicode_casefold,False,2026-07-17,2026-07-17,iso_date,False
165,138,10,nota,2026-07-17,166,165,165,trim_unicode_nfc,False,138,138,trim_unicode_nfc,False,10,10,trim_unicode_nfc,False,nota,nota,trim_unicode_casefold,False,2026-07-17,2026-07-17,iso_date,False
166,125,14,cotización,2026-07-18,167,166,166,trim_unicode_nfc,False,125,125,trim_unicode_nfc,False,14,14,trim_unicode_nfc,False,cotización,cotización,trim_unicode_casefold,False,2026-07-18,2026-07-18,iso_date,False
167,71,10,whatsapp,2026-07-19,168,167,167,trim_unicode_nfc,False,71,71,trim_unicode_nfc,False,10,10,trim_unicode_nfc,False,whatsapp,whatsapp,trim_unicode_casefold,False,2026-07-19,2026-07-19,iso_date,False
168,79,4,reunión,2026-07-20,169,168,168,trim_unicode_nfc,False,79,79,trim_unicode_nfc,False,4,4,trim_unicode_nfc,False,reunión,reunión,trim_unicode_casefold,False,2026-07-20,2026-07-20,iso_date,False
169,161,8,llamada,2026-07-20,170,169,169,trim_unicode_nfc,False,161,161,trim_unicode_nfc,False,8,8,trim_unicode_nfc,False,llamada,llamada,trim_unicode_casefold,False,2026-07-20,2026-07-20,iso_date,False
170,133,15,correo,2026-07-21,171,170,170,trim_unicode_nfc,False,133,133,trim_unicode_nfc,False,15,15,trim_unicode_nfc,False,correo,correo,trim_unicode_casefold,False,2026-07-21,2026-07-21,iso_date,False
171,113,4,reunión,2026-07-22,172,171,171,trim_unicode_nfc,False,113,113,trim_unicode_nfc,False,4,4,trim_unicode_nfc,False,reunión,reunión,trim_unicode_casefold,False,2026-07-22,2026-07-22,iso_date,False
172,157,8,llamada,2026-07-23,173,172,172,trim_unicode_nfc,False,157,157,trim_unicode_nfc,False,8,8,trim_unicode_nfc,False,llamada,llamada,trim_unicode_casefold,False,2026-07-23,2026-07-23,iso_date,False
173,108,15,llamada,2026-07-24,174,173,173,trim_unicode_nfc,False,108,108,trim_unicode_nfc,False,15,15,trim_unicode_nfc,False,llamada,llamada,trim_unicode_casefold,False,2026-07-24,2026-07-24,iso_date,False
174,76,18,nota,2026-07-25,175,174,174,trim_unicode_nfc,False,76,76,trim_unicode_nfc,False,18,18,trim_unicode_nfc,False,nota,nota,trim_unicode_casefold,False,2026-07-25,2026-07-25,iso_date,False
175,82,3,cambio_estado,2026-07-25,176,175,175,trim_unicode_nfc,False,82,82,trim_unicode_nfc,False,3,3,trim_unicode_nfc,False,cambio_estado,cambio_estado,trim_unicode_casefold,False,2026-07-25,2026-07-25,iso_date,False
176,162,14,nota,2026-07-26,177,176,176,trim_unicode_nfc,False,162,162,trim_unicode_nfc,False,14,14,trim_unicode_nfc,False,nota,nota,trim_unicode_casefold,False,2026-07-26,2026-07-26,iso_date,False
177,92,10,cambio_estado,2026-07-27,178,177,177,trim_unicode_nfc,False,92,92,trim_unicode_nfc,False,10,10,trim_unicode_nfc,False,cambio_estado,cambio_estado,trim_unicode_casefold,False,2026-07-27,2026-07-27,iso_date,False
178,133,15,reunión,2026-07-27,179,178,178,trim_unicode_nfc,False,133,133,trim_unicode_nfc,False,15,15,trim_unicode_nfc,False,reunión,reunión,trim_unicode_casefold,False,2026-07-27,2026-07-27,iso_date,False
179,154,10,correo,2026-07-28,180,179,179,trim_unicode_nfc,False,154,154,trim_unicode_nfc,False,10,10,trim_unicode_nfc,False,correo,correo,trim_unicode_casefold,False,2026-07-28,2026-07-28,iso_date,False
180,70,8,reunión,2026-07-29,181,180,180,trim_unicode_nfc,False,70,70,trim_unicode_nfc,False,8,8,trim_unicode_nfc,False,reunión,reunión,trim_unicode_casefold,False,2026-07-29,2026-07-29,iso_date,False
181,78,15,correo,2026-07-29,182,181,181,trim_unicode_nfc,False,78,78,trim_unicode_nfc,False,15,15,trim_unicode_nfc,False,correo,correo,trim_unicode_casefold,False,2026-07-29,2026-07-29,iso_date,False
182,138,10,correo,2026-07-29,183,182,182,trim_unicode_nfc,False,138,138,trim_unicode_nfc,False,10,10,trim_unicode_nfc,False,correo,correo,trim_unicode_casefold,False,2026-07-29,2026-07-29,iso_date,False
183,162,14,whatsapp,2026-07-29,184,183,183,trim_unicode_nfc,False,162,162,trim_unicode_nfc,False,14,14,trim_unicode_nfc,False,whatsapp,whatsapp,trim_unicode_casefold,False,2026-07-29,2026-07-29,iso_date,False
184,157,8,correo,2026-07-30,185,184,184,trim_unicode_nfc,False,157,157,trim_unicode_nfc,False,8,8,trim_unicode_nfc,False,correo,correo,trim_unicode_casefold,False,2026-07-30,2026-07-30,iso_date,False
185,74,17,llamada,2026-07-31,186,185,185,trim_unicode_nfc,False,74,74,trim_unicode_nfc,False,17,17,trim_unicode_nfc,False,llamada,llamada,trim_unicode_casefold,False,2026-07-31,2026-07-31,iso_date,False
186,78,15,cambio_estado,2026-07-31,187,186,186,trim_unicode_nfc,False,78,78,trim_unicode_nfc,False,15,15,trim_unicode_nfc,False,cambio_estado,cambio_estado,trim_unicode_casefold,False,2026-07-31,2026-07-31,iso_date,False
187,137,3,whatsapp,2026-07-31,188,187,187,trim_unicode_nfc,False,137,137,trim_unicode_nfc,False,3,3,trim_unicode_nfc,False,whatsapp,whatsapp,trim_unicode_casefold,False,2026-07-31,2026-07-31,iso_date,False
188,154,10,whatsapp,2026-07-31,189,188,188,trim_unicode_nfc,False,154,154,trim_unicode_nfc,False,10,10,trim_unicode_nfc,False,whatsapp,whatsapp,trim_unicode_casefold,False,2026-07-31,2026-07-31,iso_date,False
189,69,10,llamada,2026-08-01,190,189,189,trim_unicode_nfc,False,69,69,trim_unicode_nfc,False,10,10,trim_unicode_nfc,False,llamada,llamada,trim_unicode_casefold,False,2026-08-01,2026-08-01,iso_date,False
190,70,8,reunión,2026-08-02,191,190,190,trim_unicode_nfc,False,70,70,trim_unicode_nfc,False,8,8,trim_unicode_nfc,False,reunión,reunión,trim_unicode_casefold,False,2026-08-02,2026-08-02,iso_date,False
191,101,16,cambio_estado,2026-08-02,192,191,191,trim_unicode_nfc,False,101,101,trim_unicode_nfc,False,16,16,trim_unicode_nfc,False,cambio_estado,cambio_estado,trim_unicode_casefold,False,2026-08-02,2026-08-02,iso_date,False
192,113,4,reunión,2026-08-02,193,192,192,trim_unicode_nfc,False,113,113,trim_unicode_nfc,False,4,4,trim_unicode_nfc,False,reunión,reunión,trim_unicode_casefold,False,2026-08-02,2026-08-02,iso_date,False
193,137,3,llamada,2026-08-02,194,193,193,trim_unicode_nfc,False,137,137,trim_unicode_nfc,False,3,3,trim_unicode_nfc,False,llamada,llamada,trim_unicode_casefold,False,2026-08-02,2026-08-02,iso_date,False
194,157,8,reunión,2026-08-02,195,194,194,trim_unicode_nfc,False,157,157,trim_unicode_nfc,False,8,8,trim_unicode_nfc,False,reunión,reunión,trim_unicode_casefold,False,2026-08-02,2026-08-02,iso_date,False
195,127,14,reunión,2026-08-03,196,195,195,trim_unicode_nfc,False,127,127,trim_unicode_nfc,False,14,14,trim_unicode_nfc,False,reunión,reunión,trim_unicode_casefold,False,2026-08-03,2026-08-03,iso_date,False
196,138,10,cotización,2026-08-03,197,196,196,trim_unicode_nfc,False,138,138,trim_unicode_nfc,False,10,10,trim_unicode_nfc,False,cotización,cotización,trim_unicode_casefold,False,2026-08-03,2026-08-03,iso_date,False
197,157,8,llamada,2026-08-03,198,197,197,trim_unicode_nfc,False,157,157,trim_unicode_nfc,False,8,8,trim_unicode_nfc,False,llamada,llamada,trim_unicode_casefold,False,2026-08-03,2026-08-03,iso_date,False
198,98,8,correo,2026-08-04,199,198,198,trim_unicode_nfc,False,98,98,trim_unicode_nfc,False,8,8,trim_unicode_nfc,False,correo,correo,trim_unicode_casefold,False,2026-08-04,2026-08-04,iso_date,False
199,129,18,correo,2026-08-05,200,199,199,trim_unicode_nfc,False,129,129,trim_unicode_nfc,False,18,18,trim_unicode_nfc,False,correo,correo,trim_unicode_casefold,False,2026-08-05,2026-08-05,iso_date,False
200,136,4,llamada,2026-08-06,201,200,200,trim_unicode_nfc,False,136,136,trim_unicode_nfc,False,4,4,trim_unicode_nfc,False,llamada,llamada,trim_unicode_casefold,False,2026-08-06,2026-08-06,iso_date,False
201,92,10,cotización,2026-08-07,202,201,201,trim_unicode_nfc,False,92,92,trim_unicode_nfc,False,10,10,trim_unicode_nfc,False,cotización,cotización,trim_unicode_casefold,False,2026-08-07,2026-08-07,iso_date,False
202,129,18,cotización,2026-08-07,203,202,202,trim_unicode_nfc,False,129,129,trim_unicode_nfc,False,18,18,trim_unicode_nfc,False,cotización,cotización,trim_unicode_casefold,False,2026-08-07,2026-08-07,iso_date,False
203,137,3,correo,2026-08-07,204,203,203,trim_unicode_nfc,False,137,137,trim_unicode_nfc,False,3,3,trim_unicode_nfc,False,correo,correo,trim_unicode_casefold,False,2026-08-07,2026-08-07,iso_date,False
204,162,14,llamada,2026-08-08,205,204,204,trim_unicode_nfc,False,162,162,trim_unicode_nfc,False,14,14,trim_unicode_nfc,False,llamada,llamada,trim_unicode_casefold,False,2026-08-08,2026-08-08,iso_date,False
205,107,8,cotización,2026-08-09,206,205,205,trim_unicode_nfc,False,107,107,trim_unicode_nfc,False,8,8,trim_unicode_nfc,False,cotización,cotización,trim_unicode_casefold,False,2026-08-09,2026-08-09,iso_date,False
206,157,8,nota,2026-08-09,207,206,206,trim_unicode_nfc,False,157,157,trim_unicode_nfc,False,8,8,trim_unicode_nfc,False,nota,nota,trim_unicode_casefold,False,2026-08-09,2026-08-09,iso_date,False
207,70,8,correo,2026-08-10,208,207,207,trim_unicode_nfc,False,70,70,trim_unicode_nfc,False,8,8,trim_unicode_nfc,False,correo,correo,trim_unicode_casefold,False,2026-08-10,2026-08-10,iso_date,False
208,100,14,whatsapp,2026-08-10,209,208,208,trim_unicode_nfc,False,100,100,trim_unicode_nfc,False,14,14,trim_unicode_nfc,False,whatsapp,whatsapp,trim_unicode_casefold,False,2026-08-10,2026-08-10,iso_date,False
209,113,4,nota,2026-08-11,210,209,209,trim_unicode_nfc,False,113,113,trim_unicode_nfc,False,4,4,trim_unicode_nfc,False,nota,nota,trim_unicode_casefold,False,2026-08-11,2026-08-11,iso_date,False
210,115,7,reunión,2026-08-11,211,210,210,trim_unicode_nfc,False,115,115,trim_unicode_nfc,False,7,7,trim_unicode_nfc,False,reunión,reunión,trim_unicode_casefold,False,2026-08-11,2026-08-11,iso_date,False
211,73,7,correo,2026-08-12,212,211,211,trim_unicode_nfc,False,73,73,trim_unicode_nfc,False,7,7,trim_unicode_nfc,False,correo,correo,trim_unicode_casefold,False,2026-08-12,2026-08-12,iso_date,False
212,107,8,llamada,2026-08-12,213,212,212,trim_unicode_nfc,False,107,107,trim_unicode_nfc,False,8,8,trim_unicode_nfc,False,llamada,llamada,trim_unicode_casefold,False,2026-08-12,2026-08-12,iso_date,False
213,127,14,llamada,2026-08-12,214,213,213,trim_unicode_nfc,False,127,127,trim_unicode_nfc,False,14,14,trim_unicode_nfc,False,llamada,llamada,trim_unicode_casefold,False,2026-08-12,2026-08-12,iso_date,False
214,79,4,cambio_estado,2026-08-13,215,214,214,trim_unicode_nfc,False,79,79,trim_unicode_nfc,False,4,4,trim_unicode_nfc,False,cambio_estado,cambio_estado,trim_unicode_casefold,False,2026-08-13,2026-08-13,iso_date,False
215,82,3,correo,2026-08-13,216,215,215,trim_unicode_nfc,False,82,82,trim_unicode_nfc,False,3,3,trim_unicode_nfc,False,correo,correo,trim_unicode_casefold,False,2026-08-13,2026-08-13,iso_date,False
216,136,4,llamada,2026-08-13,217,216,216,trim_unicode_nfc,False,136,136,trim_unicode_nfc,False,4,4,trim_unicode_nfc,False,llamada,llamada,trim_unicode_casefold,False,2026-08-13,2026-08-13,iso_date,False
217,82,3,correo,2026-08-14,218,217,217,trim_unicode_nfc,False,82,82,trim_unicode_nfc,False,3,3,trim_unicode_nfc,False,correo,correo,trim_unicode_casefold,False,2026-08-14,2026-08-14,iso_date,False
218,92,10,nota,2026-08-14,219,218,218,trim_unicode_nfc,False,92,92,trim_unicode_nfc,False,10,10,trim_unicode_nfc,False,nota,nota,trim_unicode_casefold,False,2026-08-14,2026-08-14,iso_date,False
219,113,4,llamada,2026-08-15,220,219,219,trim_unicode_nfc,False,113,113,trim_unicode_nfc,False,4,4,trim_unicode_nfc,False,llamada,llamada,trim_unicode_casefold,False,2026-08-15,2026-08-15,iso_date,False
220,119,15,llamada,2026-08-15,221,220,220,trim_unicode_nfc,False,119,119,trim_unicode_nfc,False,15,15,trim_unicode_nfc,False,llamada,llamada,trim_unicode_casefold,False,2026-08-15,2026-08-15,iso_date,False
221,79,4,llamada,2026-08-16,222,221,221,trim_unicode_nfc,False,79,79,trim_unicode_nfc,False,4,4,trim_unicode_nfc,False,llamada,llamada,trim_unicode_casefold,False,2026-08-16,2026-08-16,iso_date,False
222,119,15,llamada,2026-08-16,223,222,222,trim_unicode_nfc,False,119,119,trim_unicode_nfc,False,15,15,trim_unicode_nfc,False,llamada,llamada,trim_unicode_casefold,False,2026-08-16,2026-08-16,iso_date,False
223,108,15,correo,2026-08-17,224,223,223,trim_unicode_nfc,False,108,108,trim_unicode_nfc,False,15,15,trim_unicode_nfc,False,correo,correo,trim_unicode_casefold,False,2026-08-17,2026-08-17,iso_date,False
224,113,4,reunión,2026-08-17,225,224,224,trim_unicode_nfc,False,113,113,trim_unicode_nfc,False,4,4,trim_unicode_nfc,False,reunión,reunión,trim_unicode_casefold,False,2026-08-17,2026-08-17,iso_date,False
225,79,4,nota,2026-08-18,226,225,225,trim_unicode_nfc,False,79,79,trim_unicode_nfc,False,4,4,trim_unicode_nfc,False,nota,nota,trim_unicode_casefold,False,2026-08-18,2026-08-18,iso_date,False
226,136,4,llamada,2026-08-18,227,226,226,trim_unicode_nfc,False,136,136,trim_unicode_nfc,False,4,4,trim_unicode_nfc,False,llamada,llamada,trim_unicode_casefold,False,2026-08-18,2026-08-18,iso_date,False
227,108,15,llamada,2026-08-20,228,227,227,trim_unicode_nfc,False,108,108,trim_unicode_nfc,False,15,15,trim_unicode_nfc,False,llamada,llamada,trim_unicode_casefold,False,2026-08-20,2026-08-20,iso_date,False
228,82,3,nota,2026-08-21,229,228,228,trim_unicode_nfc,False,82,82,trim_unicode_nfc,False,3,3,trim_unicode_nfc,False,nota,nota,trim_unicode_casefold,False,2026-08-21,2026-08-21,iso_date,False
229,119,15,llamada,2026-08-21,230,229,229,trim_unicode_nfc,False,119,119,trim_unicode_nfc,False,15,15,trim_unicode_nfc,False,llamada,llamada,trim_unicode_casefold,False,2026-08-21,2026-08-21,iso_date,False
230,137,3,whatsapp,2026-08-21,231,230,230,trim_unicode_nfc,False,137,137,trim_unicode_nfc,False,3,3,trim_unicode_nfc,False,whatsapp,whatsapp,trim_unicode_casefold,False,2026-08-21,2026-08-21,iso_date,False
231,140,7,reunión,2026-08-21,232,231,231,trim_unicode_nfc,False,140,140,trim_unicode_nfc,False,7,7,trim_unicode_nfc,False,reunión,reunión,trim_unicode_casefold,False,2026-08-21,2026-08-21,iso_date,False
232,127,14,correo,2026-08-22,233,232,232,trim_unicode_nfc,False,127,127,trim_unicode_nfc,False,14,14,trim_unicode_nfc,False,correo,correo,trim_unicode_casefold,False,2026-08-22,2026-08-22,iso_date,False
233,127,14,cambio_estado,2026-08-22,234,233,233,trim_unicode_nfc,False,127,127,trim_unicode_nfc,False,14,14,trim_unicode_nfc,False,cambio_estado,cambio_estado,trim_unicode_casefold,False,2026-08-22,2026-08-22,iso_date,False
234,138,10,cambio_estado,2026-08-22,235,234,234,trim_unicode_nfc,False,138,138,trim_unicode_nfc,False,10,10,trim_unicode_nfc,False,cambio_estado,cambio_estado,trim_unicode_casefold,False,2026-08-22,2026-08-22,iso_date,False
235,154,10,llamada,2026-08-22,236,235,235,trim_unicode_nfc,False,154,154,trim_unicode_nfc,False,10,10,trim_unicode_nfc,False,llamada,llamada,trim_unicode_casefold,False,2026-08-22,2026-08-22,iso_date,False
236,108,15,nota,2026-08-23,237,236,236,trim_unicode_nfc,False,108,108,trim_unicode_nfc,False,15,15,trim_unicode_nfc,False,nota,nota,trim_unicode_casefold,False,2026-08-23,2026-08-23,iso_date,False
237,119,15,correo,2026-08-23,238,237,237,trim_unicode_nfc,False,119,119,trim_unicode_nfc,False,15,15,trim_unicode_nfc,False,correo,correo,trim_unicode_casefold,False,2026-08-23,2026-08-23,iso_date,False
238,119,15,nota,2026-08-25,239,238,238,trim_unicode_nfc,False,119,119,trim_unicode_nfc,False,15,15,trim_unicode_nfc,False,nota,nota,trim_unicode_casefold,False,2026-08-25,2026-08-25,iso_date,False
239,138,10,cotización,2026-08-25,240,239,239,trim_unicode_nfc,False,138,138,trim_unicode_nfc,False,10,10,trim_unicode_nfc,False,cotización,cotización,trim_unicode_casefold,False,2026-08-25,2026-08-25,iso_date,False
240,92,10,cotización,2026-08-26,241,240,240,trim_unicode_nfc,False,92,92,trim_unicode_nfc,False,10,10,trim_unicode_nfc,False,cotización,cotización,trim_unicode_casefold,False,2026-08-26,2026-08-26,iso_date,False
241,108,15,llamada,2026-08-26,242,241,241,trim_unicode_nfc,False,108,108,trim_unicode_nfc,False,15,15,trim_unicode_nfc,False,llamada,llamada,trim_unicode_casefold,False,2026-08-26,2026-08-26,iso_date,False
242,137,3,correo,2026-08-26,243,242,242,trim_unicode_nfc,False,137,137,trim_unicode_nfc,False,3,3,trim_unicode_nfc,False,correo,correo,trim_unicode_casefold,False,2026-08-26,2026-08-26,iso_date,False
243,127,14,cambio_estado,2026-08-27,244,243,243,trim_unicode_nfc,False,127,127,trim_unicode_nfc,False,14,14,trim_unicode_nfc,False,cambio_estado,cambio_estado,trim_unicode_casefold,False,2026-08-27,2026-08-27,iso_date,False
244,148,4,cambio_estado,2026-08-27,245,244,244,trim_unicode_nfc,False,148,148,trim_unicode_nfc,False,4,4,trim_unicode_nfc,False,cambio_estado,cambio_estado,trim_unicode_casefold,False,2026-08-27,2026-08-27,iso_date,False
245,107,8,correo,2026-08-30,246,245,245,trim_unicode_nfc,False,107,107,trim_unicode_nfc,False,8,8,trim_unicode_nfc,False,correo,correo,trim_unicode_casefold,False,2026-08-30,2026-08-30,iso_date,False
246,140,7,llamada,2026-09-01,247,246,246,trim_unicode_nfc,False,140,140,trim_unicode_nfc,False,7,7,trim_unicode_nfc,False,llamada,llamada,trim_unicode_casefold,False,2026-09-01,2026-09-01,iso_date,False
247,107,8,cambio_estado,2026-09-04,248,247,247,trim_unicode_nfc,False,107,107,trim_unicode_nfc,False,8,8,trim_unicode_nfc,False,cambio_estado,cambio_estado,trim_unicode_casefold,False,2026-09-04,2026-09-04,iso_date,False
248,97,16,reunión,2026-09-05,249,248,248,trim_unicode_nfc,False,97,97,trim_unicode_nfc,False,16,16,trim_unicode_nfc,False,reunión,reunión,trim_unicode_casefold,False,2026-09-05,2026-09-05,iso_date,False
249,129,18,llamada,2026-09-06,250,249,249,trim_unicode_nfc,False,129,129,trim_unicode_nfc,False,18,18,trim_unicode_nfc,False,llamada,llamada,trim_unicode_casefold,False,2026-09-06,2026-09-06,iso_date,False
250,148,4,correo,2026-09-09,251,250,250,trim_unicode_nfc,False,148,148,trim_unicode_nfc,False,4,4,trim_unicode_nfc,False,correo,correo,trim_unicode_casefold,False,2026-09-09,2026-09-09,iso_date,False
251,159,13,cotización,2026-09-10,252,251,251,trim_unicode_nfc,False,159,159,trim_unicode_nfc,False,13,13,trim_unicode_nfc,False,cotización,cotización,trim_unicode_casefold,False,2026-09-10,2026-09-10,iso_date,False
252,87,18,correo,2026-09-16,253,252,252,trim_unicode_nfc,False,87,87,trim_unicode_nfc,False,18,18,trim_unicode_nfc,False,correo,correo,trim_unicode_casefold,False,2026-09-16,2026-09-16,iso_date,False
253,97,16,cambio_estado,2026-09-16,254,253,253,trim_unicode_nfc,False,97,97,trim_unicode_nfc,False,16,16,trim_unicode_nfc,False,cambio_estado,cambio_estado,trim_unicode_casefold,False,2026-09-16,2026-09-16,iso_date,False
254,97,16,cambio_estado,2026-09-16,255,254,254,trim_unicode_nfc,False,97,97,trim_unicode_nfc,False,16,16,trim_unicode_nfc,False,cambio_estado,cambio_estado,trim_unicode_casefold,False,2026-09-16,2026-09-16,iso_date,False
255,97,16,reunión,2026-09-16,256,255,255,trim_unicode_nfc,False,97,97,trim_unicode_nfc,False,16,16,trim_unicode_nfc,False,reunión,reunión,trim_unicode_casefold,False,2026-09-16,2026-09-16,iso_date,False
256,97,16,llamada,2026-09-16,257,256,256,trim_unicode_nfc,False,97,97,trim_unicode_nfc,False,16,16,trim_unicode_nfc,False,llamada,llamada,trim_unicode_casefold,False,2026-09-16,2026-09-16,iso_date,False
257,103,4,llamada,2026-09-16,258,257,257,trim_unicode_nfc,False,103,103,trim_unicode_nfc,False,4,4,trim_unicode_nfc,False,llamada,llamada,trim_unicode_casefold,False,2026-09-16,2026-09-16,iso_date,False
258,118,13,whatsapp,2026-09-16,259,258,258,trim_unicode_nfc,False,118,118,trim_unicode_nfc,False,13,13,trim_unicode_nfc,False,whatsapp,whatsapp,trim_unicode_casefold,False,2026-09-16,2026-09-16,iso_date,False
259,141,6,llamada,2026-09-16,260,259,259,trim_unicode_nfc,False,141,141,trim_unicode_nfc,False,6,6,trim_unicode_nfc,False,llamada,llamada,trim_unicode_casefold,False,2026-09-16,2026-09-16,iso_date,False
260,141,6,llamada,2026-09-16,261,260,260,trim_unicode_nfc,False,141,141,trim_unicode_nfc,False,6,6,trim_unicode_nfc,False,llamada,llamada,trim_unicode_casefold,False,2026-09-16,2026-09-16,iso_date,False
261,153,8,whatsapp,2026-09-16,262,261,261,trim_unicode_nfc,False,153,153,trim_unicode_nfc,False,8,8,trim_unicode_nfc,False,whatsapp,whatsapp,trim_unicode_casefold,False,2026-09-16,2026-09-16,iso_date,False
262,153,8,llamada,2026-09-16,263,262,262,trim_unicode_nfc,False,153,153,trim_unicode_nfc,False,8,8,trim_unicode_nfc,False,llamada,llamada,trim_unicode_casefold,False,2026-09-16,2026-09-16,iso_date,False
263,153,8,llamada,2026-09-16,264,263,263,trim_unicode_nfc,False,153,153,trim_unicode_nfc,False,8,8,trim_unicode_nfc,False,llamada,llamada,trim_unicode_casefold,False,2026-09-16,2026-09-16,iso_date,False
264,158,6,cambio_estado,2026-09-16,265,264,264,trim_unicode_nfc,False,158,158,trim_unicode_nfc,False,6,6,trim_unicode_nfc,False,cambio_estado,cambio_estado,trim_unicode_casefold,False,2026-09-16,2026-09-16,iso_date,False
